{"_timestamp":1.767155889998239e+09,"attention_weight_variance":0.10223381966352463,"_step":499,"loss":0.15567274391651154,"layer_output_entropy":4.501171588897705,"layer_gradient_norm":0.005161243956536055,"output_variance":5.1693949699401855,"_runtime":7,"step":499,"_wandb":{"runtime":7},"output_average":0.009473348036408424,"attention_weight_average":0.26903167366981506}