{"_timestamp":1.7671561398010662e+09,"layer_gradient_norm":0.005594469141215086,"attention_weight_average":0.282222718000412,"step":499,"_runtime":14,"layer_output_entropy":3.367609739303589,"output_variance":NaN,"attention_weight_variance":0.10986242443323135,"_wandb":{"runtime":14},"output_average":Infinity,"loss":0.17943179607391357,"_step":499}