{"attention_weight_variance":0.1314341425895691,"layer_gradient_norm":0.0028858014848083258,"layer_output_entropy":4.447946071624756,"loss":0.1762184053659439,"_wandb":{"runtime":37},"attention_weight_average":0.292750746011734,"_step":999,"output_variance":1.1875336170196533,"_timestamp":1.7671553327517982e+09,"output_average":0.2613987326622009,"_runtime":37,"step":999}