{"output_variance":1.338301420211792,"attention_weight_average":0.28191474080085754,"loss":0.090108722448349,"_runtime":22,"layer_gradient_norm":0.0024669698905199766,"layer_output_entropy":4.5390472412109375,"_timestamp":1.7670352920802374e+09,"_wandb":{"runtime":22},"output_average":0.015991104766726494,"_step":999,"attention_weight_variance":0.1193406954407692,"step":999}